output_name,poly__degree,score
map50,2,0.681300952116758
map50_95,2,0.6977206397728081
map75,1,0.4320424748538631
